AwsRequestID,Client latency (ms)
a6678800-929b-4672-933f-b0f24378864b,415
b9d05276-c85b-476f-bc32-d64e75ca3322,415
68a20d74-e36f-4d0f-81e6-87c17648572e,405
87a7e652-689f-48f7-954e-5c74f1e9dd34,416
ea62e3a7-def7-4b6f-9fc1-ab7077d792e4,408
a454e0b6-4e42-4e0a-88a6-c6256d611c34,414
82a4e466-96e6-413b-ab83-8d62abe19b02,419
1f2bb5a1-d2b6-45a6-b897-8bbbe06814b7,420
948df98c-d653-4cb7-9c12-a2ac5c7b2e09,426
eca0d14b-03e4-4614-a7a1-492e8fe3e275,417
2ebfd461-b39e-473a-a07e-2fe24ff948f7,422
5ad499b2-6298-43c1-b7ce-2b9dd96e3c2f,432
0de09b68-c4ba-46f8-a3df-8071bfccdc07,424
ab4c5a1b-773c-498e-a1a8-aa5d47de0db4,427
3996a9c8-c01e-44ea-a310-b73f99eaaa07,430
71af8344-1fab-41c2-aa28-ca91a94ed73d,431
4bb4fedb-1956-472e-98b1-6ea144558fb6,432
51466099-0bf3-4fb3-8b2f-527886210f40,428
a8ad4819-6732-467b-b7bd-4c3985b8db3f,433
76043fb8-dc17-4b31-b4af-9014a2cbee5a,428
f1ed06c3-111b-4ca7-851e-899df048b701,439
561d6f28-01c4-41fd-89f6-7dbcb2bba329,432
caaf197f-c723-46d5-92dd-f2ae63cb91bc,431
c6224ac4-5c3d-46bb-adba-01fb0affbb9e,440
254e3b97-9ae0-4e1f-9b24-6985d4feb340,436
d6941cbe-0b18-45dd-9b6f-393231ace740,438
99f62b41-8f52-4f2b-830f-f18a503d0b4a,436
b598e216-d0e1-4575-8f54-4f030cddab46,442
2572848e-41f8-45c3-a9a0-23d332920a52,447
77b1e8bd-9189-47e7-9ffd-327a087b8675,440
2e81140c-41b9-4bc9-ad61-b3917ab5a203,449
1855252b-b037-4c6e-afcd-5674fde4d3ae,441
4d8d1679-90de-4393-a8af-7f0cfc1067f2,444
95c3c719-135a-49ff-9b89-1150d6a96850,443
5b8427f1-598a-447d-9a4c-91bf5375f8a9,451
7eee7841-5410-485f-87bd-6294b8945989,444
34901667-8994-46ce-bb8e-0a472f55e6ac,450
8fa2d885-8769-4742-b4fe-cd12232bca22,454
caa23bf5-e7e1-4530-91c1-922a2ea32317,449
d8cb8403-4331-4065-b716-1598fca15f64,454
55c44992-ca5c-4977-bbb8-21c01f45f2e2,452
7f9541ee-5a49-47e0-aab4-fad8fba233cd,455
71739988-2b48-4b6e-9e82-60a7f80c110c,453
acd588e9-4545-423b-a034-0dc249e9d9c4,459
623c1d7b-c669-4765-ba9a-5d256069e0f3,450
5224dcb1-a50b-423b-bb83-0dc19a7e44c8,462
e786debb-963e-4edf-9252-c30b22a67145,460
60f6f780-853d-425f-b2f9-6fe97ad0d658,456
a793df37-85de-44ec-ac4f-78ca17438196,463
972af9b4-f1ff-4d72-a249-5bade4cfd89b,461
85768b3d-5998-4c8c-9a23-f19a951f26ab,463
23cd7083-ef70-4b6c-9310-4321acf3eab8,464
ef137f82-4a62-4bd2-9420-92e1d6ccd2a3,464
4f3fb463-d444-42a9-bf06-af7af5635eb8,462
a9cb0702-4eba-44c2-a32b-23f6afc5b424,473
7083f541-a996-43f9-a14a-f198c53d7fd0,473
52010122-f3f1-4835-a91f-c380108ea784,556
e69a2137-7f8b-4f06-87f8-e0eea1de37c2,548
4dfaca6d-dc77-438d-a024-50959d7fb9cc,557
5d1e97cc-bc1b-414c-bc77-0355821d1728,549
1dd87a01-2c48-4aef-86b8-4ccfec027fb3,558
94f58dfc-5b64-46c4-8f69-b82c80a6ac56,557
afae7986-b8cf-4c61-9af5-2efd0e5f71ba,552
0e0537ff-9f20-48a2-a9e5-f6bff775e4f1,555
cd626961-43ae-4d1a-886d-40174d5517c8,563
1f9cf636-2f08-4ad9-befc-e58785f95341,560
92d0bc46-bd72-414f-8a60-d4f7d2b26296,556
4a79bc39-7d26-40f2-8d21-6fab466aec8b,557
79cb67f2-1d75-49d8-84da-81e15c16af95,559
e26062ec-622e-4ff9-bc0e-a2f9ff95bd99,568
ead11e5d-49b7-474c-86ff-764205d4e9cb,568
d2d77b9d-339e-4155-bb8c-d3f4ec40ea49,568
112e89fc-2ebd-4b8e-9e05-5b0837c17c0a,571
15112064-2a65-4f2e-a473-d870d33504b0,569
80988e18-1ae8-4d82-95be-8327e52f0525,570
513d66ec-e1d5-405f-afca-4f65718b691b,574
e8c6ec2e-6bf3-4e9c-b1b6-8854c7ccdce6,570
b9d6b5df-9ad4-4d62-b48d-9adb555031fb,578
481ffc54-c753-4aca-939d-496e007dd6ef,572
848f5dd3-d559-4512-9afb-2810e1b6352b,581
9cd1bd0a-c775-4cd6-b24a-7a7301974865,572
d4622ca5-d7e3-4469-b45f-39e6ddc13b18,572
e050f11f-2c21-42d4-83b7-f456c9db49b2,579
2b605304-b3b4-46ac-b921-c15a36652830,582
1e03e50a-5176-4b8d-8c19-bb26ca13c6ea,577
0b562662-e665-4e4e-9f4d-7679e5cac2b8,580
cc25c800-2051-4cf3-9a6e-c126cd0a5a06,583
e945622c-6d58-40f6-b260-1778af84af98,585
edf4fa99-f942-4f64-9001-eaa99f60c6fb,584
1006abb9-32d4-4fde-b9a4-208ec8b2a5f0,587
c89a5fe1-fa34-47a5-971f-db59d3c17177,589
f06a631c-b84f-4b21-8fb6-d54877220734,593
10f54c2c-a93f-437c-b329-2e3f0ab6ae33,591
4d729241-cb6a-41cc-bf77-33481eba2547,586
635dd118-3dd3-4357-bef7-a5cc88b57c06,589
efc26bd8-2fb2-45fd-b663-ae0a70f581f3,589
f5dd80ee-3e9a-49dd-99cb-f3737f640841,613
aee7d950-a2ad-48b2-bd62-747ca3d676e0,609
9cf8021f-c421-41f7-ba63-418316739c4e,615
b4acac99-929d-44c8-a66c-c3d113860303,629
